Company,alpha_a,alpha_b,beta_a,std,alpha_adj,date,search_pressure
Nucor,1.0,0.6127176628978782,-0.19420873238730868,0.9384406374137187,1.38079042173722,2021-07-13,1.152316168694888
Snap-on,0.6643070002169364,-0.19988275025594313,0.2771177018762364,0.7825134452199457,0.7850137625503568,2021-07-13,0.7125897051503046
Nvidia,0.63103570327575,-0.6103821794719145,0.5446330551609333,0.9736529903806066,0.5813683241188214,2021-07-13,0.6111687516129786
The_Hershey_Company,0.6071269538609088,-1.0479913833946628,0.8323100548253849,0.815098784034473,0.585220506402699,2021-07-13,0.5983643748776248
Wabtec,0.5239829647305986,-0.43761224717463937,0.40591731383949803,0.5924140837998058,0.6706526201005585,2021-07-13,0.5826508268785825
Old_Dominion_Freight_Line,0.5115947158695174,0.10383870017993484,0.040919024437525015,0.8775395964670472,0.6436363113606052,2021-07-13,0.5644113540659526
Hess_Corporation,0.4976308187661986,0.1949413153404502,-0.02305795785398591,0.7356071682517208,0.617973089865067,2021-07-13,0.545767727205746
United_Rentals,0.49962892342121173,0.051148323810873426,0.07359575919543997,0.7187191724996229,0.6099859635807454,2021-07-13,0.5437717394850252
Catalent,0.4847516070470291,0.08133777323026874,0.050183155147750104,0.7436213464633723,0.595419266642604,2021-07-13,0.5290186708852591
Vulcan_Materials_Company,0.4761083771964876,-0.051447841723948756,0.1371745602654157,0.6696499613560156,0.5788308922396106,2021-07-13,0.5171973832137368
Ross_Stores,0.46711119737848733,-0.1222452634135048,0.18260870100923304,0.7960381451685848,0.552408005644389,2021-07-13,0.501229920684848
Tyler_Technologies,0.4278341687313758,-0.25505910654611796,0.2630080404267909,0.6832396944009944,0.5165757031474064,2021-07-13,0.46333078249778803
"NVR,_Inc.",0.42068666293687146,0.25666913506254985,-0.08096960721137167,0.6782488918812332,0.5138026121617888,2021-07-13,0.4579330426268384
Cabot_Oil_%26_Gas,0.4111185960745803,-0.05792466100724651,0.12748349878697435,0.5832771959336076,0.5048159610138431,2021-07-13,0.4485975420502854
CSX_Transportation,0.4250368222143565,-0.24093931599153964,0.2529557614296899,0.8441992155332378,0.47459180209287366,2021-07-13,0.4448588141657634
Xcel_Energy,0.39329550255186485,0.3394140605907883,-0.14225152485542053,0.7647203832678802,0.5106008281979395,2021-07-13,0.4402176328102947
Anthem_(company),0.41877990020894557,-0.3081739813837761,0.29659716258402563,0.9759205623435949,0.41462373758125187,2021-07-13,0.41711743515786814
Pioneer_Natural_Resources,0.3891622803512098,0.42996430760327964,-0.20373735892700096,0.6303879063639589,0.4564692211054695,2021-07-13,0.4160850566529137
Paycom,0.3629928182409831,-0.25484386905638023,0.24887086155409388,0.5971437677633968,0.45968525163534835,2021-07-13,0.4016697915987292
Analog_Devices,0.36489958096890956,0.10962223316747019,0.0053911560644498225,0.7662326705791729,0.45428687350812286,2021-07-13,0.4006544979845949
First_Republic_Bank,0.3457063585398978,0.45230563347291286,-0.2280656360364889,0.7964863481099703,0.477895984737816,2021-07-13,0.3985822090190651
Maxim_Integrated,0.34954271947752463,0.021536488151749182,0.06102173424658271,0.7118871837968536,0.42589600362333035,2021-07-13,0.38008403313584693
Ameriprise_Financial,0.35417832227715446,-0.13124408236247678,0.16425889213211137,0.7606516551317722,0.41860618593399723,2021-07-13,0.3799494677398916
Stanley_Black_%26_Decker,0.3492915291780372,-0.153903713898303,0.1783675268120326,0.6860053361770307,0.42208028699837086,2021-07-13,0.3784070323061707
Edison_International,0.3376568512154181,0.06612757304132875,0.028617504120426164,0.47616258742088463,0.39776183161506695,2021-07-13,0.36169884337527763
Dollar_Tree,0.32818012628021404,-0.17077853563243536,0.18510375095335502,0.6159571762137436,0.408091612667496,2021-07-13,0.36014472083512683
Alliant_Energy,0.3468138794058195,-0.49668957035072975,0.40721617728777576,0.7559746603219959,0.37854532746222425,2021-07-13,0.3595064586283814
Howmet_Aerospace,0.3403400203235786,-0.6124300886968178,0.48326961201665314,0.7485273536401797,0.3651889587583822,2021-07-13,0.3502795956975
MarketAxess,0.3163513467225377,-0.043264751858989904,0.0972221366580945,0.5739242130618687,0.38874279471664436,2021-07-13,0.34530792592018034
Hilton_Worldwide,0.3153580032654736,0.03796831536948067,0.04264872037821234,0.6366233408212335,0.38217823941955886,2021-07-13,0.3420860977271077
NetApp,0.30824475069362794,0.026589233470433897,0.04872822273177391,0.750261104735654,0.3769218411030038,2021-07-13,0.3357155868573783
Incyte,0.35057031615724443,-0.9310709594653703,0.6987035186570173,0.7958777277218825,0.30825519524712974,2021-07-13,0.33364426779319856
Capital_One,0.30594978477558404,-0.06964693869043019,0.11263168832534327,0.9065170878043235,0.35544533306479226,2021-07-13,0.32574800409126736
CF_Industries,0.2776109518970573,-0.16598144554010347,0.1709805361461887,0.725988425356364,0.3280908797572132,2021-07-13,0.29780292304111966
D._R._Horton,0.27015516709863807,0.021736821086056426,0.043755372571536284,0.7190303463601904,0.329539973664451,2021-07-13,0.2939090897249632
A._O._Smith,0.26924174782777505,0.020625341087256274,0.04430202466628973,0.37947225719176697,0.321370517231796,2021-07-13,0.2900932555893834
Live_Nation_Entertainment,0.2875558042085788,-0.32222896301711446,0.2776834518841421,0.86264977196851,0.28726851462435765,2021-07-13,0.28744088837489035
Intuit,0.2518753639404905,0.08649849399494332,-0.003526337254360844,0.49838808415034885,0.29145884539015987,2021-07-13,0.26770875652035825
The_Travelers_Companies,0.23293333181096726,0.6691760754207138,-0.39752675864057285,0.6811054056827327,0.2911860154929986,2021-07-13,0.25623440528377983
Organon_%26_Co.,0.23053560622495237,-0.05739199331206191,0.0881561724660662,0.4217366636856202,0.29448747090932215,2021-07-13,0.2561163520987003
Teleflex,0.2070036422593428,-0.226154774885956,0.19600948077907995,0.39878988923625297,0.31282488541140263,2021-07-13,0.24933213952016672
ViacomCBS,0.2592854777753673,0.69417898332789,-0.4085711023520821,0.5470786181539393,0.23048485437381372,2021-07-13,0.24776522841474588
Ventas_(company),0.22495233093180178,0.03789432635099077,0.023188152229670737,0.553106411653293,0.26910007803148783,2021-07-13,0.24261142977167618
Biogen,0.2100864322985055,-0.08690954333143154,0.1034954930978498,0.36737038348849144,0.28165393313387765,2021-07-13,0.23871343263265438
VF_Corporation,0.22177819896555293,0.3573058584221893,-0.19123869886123035,0.6524406776314938,0.2636603764949984,2021-07-13,0.2385310699773311
CMS_Energy,0.2182501170318439,0.15256731151750147,-0.05499439178485774,0.6505820133399078,0.2625132739438992,2021-07-13,0.23595537979666603
Genuine_Parts_Company,0.225900003425322,0.4329487043263874,-0.24096740581751144,0.6028989531451282,0.24595691821172916,2021-07-13,0.23392276933988485
Comerica,0.20076955573570157,0.3645045938778614,-0.20058969427321355,0.7683606814161604,0.28025085959380236,2021-07-13,0.2325620772789419
News_Corp,0.1805030656634285,1.0,-0.6302202502771242,0.7594865422758595,0.3097693576621638,2021-07-13,0.23220958246292261
Aflac,0.19881712204423183,0.1880170728610237,-0.08291020161235689,0.7487916294787087,0.256692530789298,2021-07-13,0.2219672855422583
Newmont_Corporation,0.18791317949830433,0.27657742862876905,-0.14452561399790792,0.8187242476745772,0.2698282126782544,2021-07-13,0.22067919277028436
Essex_Property_Trust,0.19696744802073538,-0.18095244737173938,0.1635953936654884,0.6289785080130676,0.24674764131703397,2021-07-13,0.2168795253392548
LKQ_Corporation,0.1812566365618894,0.2794337315489804,-0.14787349870893965,0.7326256120242267,0.23810344644923498,2021-07-13,0.20399536051682765
Johnson_Controls,0.15652580980327216,0.5961251453600591,-0.36513218014794474,0.7982826534952817,0.26726999250861594,2021-07-13,0.2008234828854097
Quest_Diagnostics,0.183837046002078,0.009711700531948352,0.03317430726940509,0.5958469799330707,0.22279804070345893,2021-07-13,0.1994214438826304
Assurant,0.19123574209606847,0.07794859090439679,-0.010891355052383747,0.3670394380387793,0.2089545940451492,2021-07-13,0.19832328287570078
Darden_Restaurants,0.18234132194603997,0.15697668042312007,-0.06569435699790635,0.5905915710815863,0.2093560692623962,2021-07-13,0.19314722087258246
Trimble_Inc.,0.16505486224495644,-0.05599157851034706,0.07308791898870595,0.4856532423461853,0.21095028958603135,2021-07-13,0.1834130331813864
BD_(company),0.15780459678248032,0.30595104586735244,-0.17067928196774948,0.760600047225384,0.21983169475009473,2021-07-13,0.18261543596952606
Huntington_Bancshares,0.1664592443739076,-0.01658895328506748,0.04702378532138551,0.6939063244806509,0.2019718500942707,2021-07-13,0.18066428666205286
J._B._Hunt,0.17491979037027633,0.09601092842029064,-0.026499278591731727,0.20415334517295788,0.16802146398870835,2021-07-13,0.17216045981764916
McCormick_%26_Company,0.15319182946462231,0.3687203690694518,-0.21367833610766387,0.6853929509103168,0.19223183517421116,2021-07-13,0.16880783174845787
ResMed,0.1417512530970622,-0.10262908237617045,0.09926746155056115,0.4641595693198964,0.19338244397220392,2021-07-13,0.1624037294471189
Raymond_James_Financial,0.14481120765445402,0.1044893078504959,-0.0386703991792413,0.754005926049033,0.1849263658032484,2021-07-13,0.16085727091397178
Oracle_Corporation,0.14441158672345095,0.1959652892620008,-0.09996997725910846,0.5995620019446547,0.16193495060593105,2021-07-13,0.151420932276443
TE_Connectivity,0.14948106367674055,-0.2357134759808248,0.189992200658693,0.8351034074252581,0.14262813736779506,2021-07-13,0.14673989315316235
Pinnacle_West_Capital,0.15701677266136027,-1.0400996505900988,0.7298926697280813,0.7337166472917979,0.12377101390910383,2021-07-13,0.1437184691604577
Quanta_Services,0.1424477352910949,0.3317847011997358,-0.19128059105782327,0.5687613876193823,0.1398734712785155,2021-07-13,0.14141802968606312
Avery_Dennison,0.09355696881814998,-0.19676667272003642,0.15186126618753593,0.17935935297012146,0.21012629190053653,2021-07-13,0.14018469805110462
"Rollins,_Inc.",0.12342577897537173,-0.023307333876631774,0.0422326733669543,0.3241385355364978,0.1581036472722944,2021-07-13,0.1372969262941408
Generac_Holdings,0.12117648402087178,0.021546760247496848,0.01173207393890556,0.7288425256464346,0.14861275311806116,2021-07-13,0.13215099165974753
Monolithic_Power_Systems,0.10209743900071876,-0.19985411072478032,0.1557703831205655,0.41195926791162063,0.17553606897797575,2021-07-13,0.13147289099162154
Eastman_Chemical_Company,0.10310220019866843,-0.3709520447115175,0.27048148508658315,0.5862145301687827,0.1561262066795401,2021-07-13,0.12431180279101711
CenterPoint_Energy,0.10986150280305507,0.025133570509821426,0.006890034216067415,0.7404734290290984,0.1353622781582746,2021-07-13,0.12006181294514287
Citizens_Financial_Group,0.1370357261112313,0.43401103335903657,-0.2608557261498891,0.4865836675381901,0.08736268032522196,2021-07-13,0.11716650779682755
Mettler_Toledo,0.0955094025096202,-0.07358241541834408,0.06985092538630178,0.23625992733796458,0.14797575177583208,2021-07-13,0.11649594221610496
Willis_Towers_Watson,0.10926778027699366,0.02109754544284346,0.009462707936230906,0.18420513737805358,0.12261676446986328,2021-07-13,0.11460737395414151
"UDR,_Inc.",0.11144856878617952,0.7183002777819707,-0.4566165233501757,0.6443861300667045,0.11769478166176678,2021-07-13,0.11394705393641441
Copart,0.09064544489227391,-0.5463369472266763,0.3851562394114393,0.612107067075556,0.14138497790177956,2021-07-13,0.11094125809607618
Charles_River_Laboratories,0.11989769704166288,0.2899454994169983,-0.1681493218598004,0.49329157834269993,0.09477604822263598,2021-07-13,0.10984903751405212
ADM_(company),0.09218683991185476,0.1638160032101187,-0.08972692448438722,0.7683694089660122,0.1283311209932008,2021-07-13,0.10664455234439318
Atmos_Energy,0.09966546019204645,-0.05456600257369396,0.05802254046601372,0.8221060255504379,0.11282896115202565,2021-07-13,0.10493086057603812
TransDigm_Group,0.08827055478802935,-0.053301326253967,0.054717164013288806,0.4269239687206532,0.12023210505890022,2021-07-13,0.1010551748963777
Kansas_City_Southern_(company),0.10969023668976809,0.4922856055791336,-0.3057528664324809,0.5665572901031783,0.08284536891100319,2021-07-13,0.09895228957826213
Devon_Energy,0.04860532295080016,0.3416140355199234,-0.21810987337467452,0.9543136541646526,0.15650238812707723,2021-07-13,0.091764149021311
Cerner,0.07936471689711432,-0.35575755316404933,0.2551910386841576,0.6388334474117292,0.10728593145072077,2021-07-13,0.09053320271855689
"Nasdaq,_Inc.",0.112932875101333,-0.7861219052967313,0.5504238299242526,0.7763548020577365,0.05304718884569104,2021-07-13,0.08897860059907622
Weyerhaeuser,0.08241325371362077,-0.1468436267368445,0.11604918801012462,0.7267177057847071,0.09174857819243988,2021-07-13,0.08614738350514842
Mid-America_Apartment_Communities,0.09273489147437258,0.6203424091383487,-0.39510419862486745,0.5740314522822745,0.05372674687947632,2021-07-13,0.07713163363641408
Hologic,0.07831428473562228,0.14056160902066422,-0.07715947086048626,0.4757488393103928,0.06802683621831827,2021-07-13,0.07419930532870067
Vertex_Pharmaceuticals,0.053332267677517156,-0.36010827930224293,0.2524844742180227,0.5625855200334614,0.10322503831593258,2021-07-13,0.07328937593288332
Allegion,0.06938561136293654,0.3394394930875254,-0.2121702170303276,0.6502192184723316,0.07792547624662413,2021-07-13,0.07280155731641158
"Nike,_Inc.",0.055684322299989875,-0.07245006504219928,0.06049869785088917,0.36574098522381626,0.0896850619828155,2021-07-13,0.06928461817312012
Garmin,0.03017708916113845,0.5864936448251082,-0.38595383397793875,0.8229624655926925,0.12688551118291563,2021-07-13,0.06886045796984933
Ecolab,0.05715721087425668,-0.13379323717234604,0.10186580450883256,0.6259568654597493,0.07527422002297471,2021-07-13,0.06440401453374389
"Discovery,_Inc.",0.09014306429329891,0.350383932345006,-0.21501436861272336,0.429092111958887,0.025475677206953956,2021-07-13,0.06427610945876093
Expeditors_International,0.057693844695888286,0.14296323541971062,-0.08321658963841708,0.6240206336857104,0.06368926381783842,2021-07-13,0.060092012344668336
TJX_Companies,0.053651964422319835,-0.042741879393775,0.04018016108781676,0.7566062279966516,0.061493353364524675,2021-07-13,0.05678851999920177
Constellation_Brands,0.048023018165625424,-0.37926121747465535,0.2641553526932777,0.6645320857229152,0.06014712297665831,2021-07-13,0.052872660090038576
Sherwin-Williams,0.054211433725723,0.13226408274734128,-0.07680852103706975,0.5036627501794856,0.0440194043551462,2021-07-13,0.05013462197749227
Micron_Technology,0.03731317721475602,-0.14429027771487504,0.10460768984660444,0.5425926305545761,0.0636300257125961,2021-07-13,0.04783991661389206
Aon_(company),0.04619617962389992,-0.23609088403995582,0.16795526241970163,0.736767642317951,0.040207318036722534,2021-07-13,0.04380063498902896
Progressive_Corporation,0.0359544660493477,0.2122879631787188,-0.13429837347386123,0.7244509796759556,0.05544831547372252,2021-07-13,0.04375200581909762
KLA_Corporation,0.03711907561969771,-0.08039024713405588,0.061805570101457215,0.6467921048681193,0.04692886856645062,2021-07-13,0.041042992798398875
Kimberly-Clark,0.03679937887489606,0.0621110494745137,-0.033621568074203384,0.6818279992895132,0.04552686339767232,2021-07-13,0.040290372684006565
AutoZone,0.03614856764440607,-0.012865978706165284,0.01641065195347029,0.48328155272402623,0.046341329431446546,2021-07-13,0.04022567235922226
PulteGroup,0.04560245709783883,0.18567317204720973,-0.11440635677119544,0.5066070085245152,0.025259430580737957,2021-07-13,0.037465246490998486
Norwegian_Cruise_Line_Holdings,-0.0009705079752924892,0.34013086295523354,-0.22781613104207676,0.9409849987690929,0.09127140064189168,2021-07-13,0.03592625547158118
Dentsply_Sirona,-0.0016784079102111446,0.9095787439738862,-0.6090285487105604,0.7696642453130554,0.08936328091268642,2021-07-13,0.03473826761894788
Otis_Worldwide,0.005149401139490387,0.3700223147082768,-0.24649799718336543,0.8629237656977077,0.07795245315637345,2021-07-13,0.03427062194624361
Prudential_Financial,0.02463948483153166,0.06423899318985331,-0.03766970960082881,0.7409402331851856,0.03456702982437431,2021-07-13,0.02861050282866872
Dover_Corporation,0.028201819987896844,0.09582509558475372,-0.05803753130106868,0.38110031396920013,0.006683262700306419,2021-07-13,0.019594397072860675
Cintas,0.07234280625235463,-1.1921729350223342,0.8133829961216854,0.8086535792388111,-0.07832910860340903,2021-07-13,0.012074040310049168
Leidos,0.015254101823412766,-0.25891237340673373,0.17654932333834766,0.7765210079266323,-0.00924747200071302,2021-07-13,0.005453472293762451
Lennar_Corporation,0.005183654362147326,0.015854323795168913,-0.009490636067291967,0.587881568668408,0.0050134830377361285,2021-07-13,0.005115585832382847
Cincinnati_Financial,0.004156057682426841,0.08300942121858777,-0.05465083470201725,0.5909813767877236,-0.0014377549814773363,2021-07-13,0.0019185326168651702
Hanesbrands,-0.019079045020152275,-0.22688782723624967,0.1477100370006665,0.42467697913400826,0.03227695490754495,2021-07-13,0.001463354950926617
Charles_Schwab_Corporation,-4.5670963542765576e-05,-0.051535652264310616,0.034476456380161224,0.7556982511235439,-0.004514616870032177,2021-07-13,-0.0018332493261385304
Viatris,-0.0031284610027062978,0.061073477464949205,-0.04154391637003271,0.6740399051672441,-0.0035064164140308288,2021-07-13,-0.00327964316723611
CarMax,-0.002511902994874192,-0.20518385575450027,0.1367615935627302,0.6863885342480018,-0.00658615543482885,2021-07-13,-0.004141603970856055
IQVIA,-0.023417786556752983,-0.09734642810072465,0.06008799004115752,0.16719637593708958,0.020394233495542924,2021-07-13,-0.00589297853583462
Republic_Services,-0.02237877213614511,-0.1078634325273697,0.06734992017893682,0.31872131853102476,0.010592772606386205,2021-07-13,-0.009190154239132584
Henry_Schein,0.00906568626331531,0.08736815028861777,-0.056508055417627046,0.10254654006993802,-0.038483067629903625,2021-07-13,-0.009953815293972264
Vornado_Realty_Trust,-0.017971524154230985,-0.5984649685059753,0.39659876434448305,0.6551067381989217,-0.013431193254017815,2021-07-13,-0.016155391794145716
W._R._Berkley_Corporation,-0.034835527442539996,-0.08458553433742179,0.049084717110622345,0.14356614346269728,0.002105570710527145,2021-07-13,-0.02005908818131314
Sempra_Energy,-0.01552812760467285,0.09062608280835728,-0.06399566949685402,0.5646395463201107,-0.02835272681984724,2021-07-13,-0.020657967290742606
Medtronic,-0.010858271582384381,-0.17736000954153633,0.1163414066167494,0.8062977095833304,-0.03752183443065335,2021-07-13,-0.021523696721691972
The_Mosaic_Company,-0.02696870397223218,0.0658498133793359,-0.049884981277884384,0.596637836747245,-0.037565195045259805,2021-07-13,-0.03120730040144323
Lamb_Weston,-0.0680040647157559,0.6431954647439763,-0.445085285530229,0.8197888823042577,0.014195140899647019,2021-07-13,-0.03512438246959473
NortonLifeLock,-0.03403628558053482,0.0009729065273446249,-0.007996275701581386,0.5670466013875282,-0.041480877942317695,2021-07-13,-0.03701412252524797
Fortune_Brands_Home_%26_Security,-0.010207460351893906,0.1366832120575902,-0.0936676659187679,0.1832835377021174,-0.07882334362025797,2021-07-13,-0.03765381365923953
Juniper_Networks,-0.06641699873263093,0.5157547200503226,-0.3594627695424014,0.8090582035904715,-0.008604180977811793,2021-07-13,-0.04329187163070328
Church_%26_Dwight,-0.0491533745133188,-0.2003089375810729,0.12343391978301435,0.5573663811638739,-0.037364922384647364,2021-07-13,-0.04443799366185022
Public_Service_Enterprise_Group,-0.04275943961727684,-0.14726118841170313,0.08931560061294003,0.6986872296410509,-0.0563333507693585,2021-07-13,-0.0481890040781095
LyondellBasell,-0.046664307000216246,0.041918011179816715,-0.03812087212981934,0.5542186450461825,-0.06155343577092683,2021-07-13,-0.05261995850850048
Truist_Financial,-0.06967105488508059,0.3774715522745645,-0.26762953005580303,0.8151680095962941,-0.02959785099400336,2021-07-13,-0.053641773328649694
Marsh_McLennan,-0.06604021328339961,-0.20124532232728795,0.12041624415100755,0.46032169357058333,-0.03826155672924718,2021-07-13,-0.054928750661738635
Paychex,-0.07104118379137513,-0.21222951763994466,0.12668734169780857,0.4522138740064273,-0.04032697444404133,2021-07-13,-0.05875550005244161
NOV_Inc.,-0.05970336709178694,0.024877539100846262,-0.029531739704889717,0.7306515691792472,-0.07105829381532525,2021-07-13,-0.06424533778120226
FIS_(company),-0.08210497470970342,0.47234318145678683,-0.3337984599278555,0.800321907789742,-0.037876838522587,2021-07-13,-0.06441372023485685
IPG_Photonics,-0.05273854515145611,0.07452937293055942,-0.061254400220797,0.3788733870909852,-0.08575574941228487,2021-07-13,-0.06594542685578761
Union_Pacific_Corporation,-0.07487754472900052,0.36074692671013375,-0.2575614388080268,0.7490478057076074,-0.06222228966903853,2021-07-13,-0.06981544270501572
Tractor_Supply_Company,-0.06827809049701439,-0.018112872530662814,-0.002614155208945473,0.5593423997378763,-0.08102354329340707,2021-07-13,-0.07337627161557145
Leggett_%26_Platt,-0.07397554319902248,0.12560964906367822,-0.10001905684237225,0.737097528814073,-0.08140803812135457,2021-07-13,-0.07694854116795531
Ralph_Lauren_Corporation,-0.07447792379799768,0.09456478484537925,-0.07935306127226609,0.73466411141603,-0.08435763144058515,2021-07-13,-0.07842980685503267
Accenture,-0.07338182067296173,0.19100690750907728,-0.1436530652561321,0.6812458722079683,-0.08691221862532575,2021-07-13,-0.07879397985390735
Xilinx,-0.0854617905301259,-0.23300985493197912,0.13748094829147622,0.5271117413034917,-0.07080307261271918,2021-07-13,-0.0795983033631632
Xylem_Inc.,-0.07966157816014638,-0.035541593693314597,0.006592065700106416,0.326293573526552,-0.08466650607506035,2021-07-13,-0.08166354932611197
Western_Union,-0.07217154013906811,0.02932578722167368,-0.03519909677138481,0.31678366918261,-0.09808070643270264,2021-07-13,-0.08253520665652192
Equifax,-0.07407830286699497,0.45389749833388443,-0.3197228872266175,0.6543514712740176,-0.09679269425123926,2021-07-13,-0.08316405942069269
Robert_Half_International,-0.07239989495678413,0.03093075951266654,-0.036322382631002126,0.1601148659404598,-0.10376980317497905,2021-07-13,-0.08494785824406209
Honeywell,-0.0799698571640618,-0.04184391216842549,0.010742884179165997,0.7353747795422996,-0.09999793067093904,2021-07-13,-0.0879810865668127
Adobe_Inc.,-0.06762727926652486,-0.3421357653002576,0.21435395045467406,0.7810317051925997,-0.12049220899168606,2021-07-13,-0.08877325115658935
Freeport-McMoRan,-0.040213283399746794,-0.4084271877681562,0.26463054162913763,0.9810415178407391,-0.17626676998610563,2021-07-13,-0.09463467803429032
T._Rowe_Price,-0.08412591484648906,0.2392878439426201,-0.1782800460485597,0.625985084720991,-0.11261533963192444,2021-07-13,-0.09552168476066321
Cognizant,-0.09209549798476886,0.24395199744111962,-0.18312105900187312,0.7086310786065854,-0.10234458991171044,2021-07-13,-0.0961951347555455
DTE_Energy,-0.08219631663679011,-0.4303390679022393,0.2702332122156001,0.7144185653011011,-0.11940532390492098,2021-07-13,-0.09707991954404246
Booking_Holdings,-0.10096708265302648,0.2464873741745896,-0.18673220741894364,0.7917180523694191,-0.09255078625681182,2021-07-13,-0.09760056409454061
Emerson_Electric,-0.09110215452770554,-0.09406203039226536,0.043283469298153396,0.6729051007616064,-0.11111350526850075,2021-07-13,-0.09910669482402362
BorgWarner,-0.08872726442346092,0.10824516685904403,-0.09158270772266183,0.5722383323764365,-0.11836793837489429,2021-07-13,-0.10058353400403428
United_Parcel_Service,-0.09289473984677422,-0.0016788792458136998,-0.0189237730412213,0.5472847683527231,-0.11273733792713286,2021-07-13,-0.10083177907891769
Fox_Corporation,-0.1337017457725813,0.8131261519857905,-0.5729764118183633,0.8032554012704982,-0.053530184094062405,2021-07-13,-0.10163312110117373
Phillips_66,-0.11543336035532055,0.2637008347455453,-0.20137291406637192,0.8901361818872556,-0.08207662022081061,2021-07-13,-0.10209066430151659
Applied_Materials,-0.12769601406665754,0.44302708809231217,-0.3240197123320354,0.851996777749691,-0.07425807488821451,2021-07-13,-0.10632083839528032
MGM_Resorts_International,-0.09396800749003825,0.0661353908126992,-0.06453492885103249,0.43014325142006343,-0.13005524430295973,2021-07-13,-0.10840290221520685
Amgen,-0.10473493714533678,-0.17367465356953637,0.09361612208864606,0.5937446319204576,-0.11423720831424808,2021-07-13,-0.1085358456129013
Seagate_Technology,-0.08397748421497296,-0.42895377246967764,0.26892182217912475,0.7752721537544103,-0.14761157707949446,2021-07-13,-0.10943112136078156
HCA_Healthcare,-0.10581962252948633,0.07258752548203277,-0.07141017758595017,0.7775996738494036,-0.12078576397507253,2021-07-13,-0.11180607910772081
Fiserv,-0.13348480869575205,-0.6739307582496452,0.4221700486401258,0.553620709578301,-0.08441678464443725,2021-07-13,-0.11385759907522613
Eaton_Corporation,-0.10577395156594303,0.002881698177972507,-0.024755002523799367,0.8104276254815781,-0.12819354627801355,2021-07-13,-0.11474178945077124
Hewlett_Packard_Enterprise,-0.10106984232099851,0.3676082542840292,-0.26780531299836785,0.6320129636546197,-0.13654197306541604,2021-07-13,-0.11525869461876552
West_Pharmaceutical_Services,-0.12132491465238743,-0.15127736682837814,0.07504822736455796,0.3983599676708022,-0.10653953424690626,2021-07-13,-0.11541076249019497
Cisco_Systems,-0.10882248838244878,0.022176052052221472,-0.0383241724956371,0.6434048671193418,-0.1328784810541947,2021-07-13,-0.11844488545114715
Masco,-0.10886815934599307,-0.010951291573911698,-0.016166075452774514,0.8133853334636394,-0.13394185474747128,2021-07-13,-0.11889763750658436
FedEx,-0.10312503568044055,-0.255987945572372,0.149045453444011,0.7623451754629701,-0.1492307575202047,2021-07-13,-0.12156732441634621
Evergy,-0.10193759062831849,0.19709589768158972,-0.15389016276761167,0.5062210521156466,-0.156053660703878,2021-07-13,-0.1235840186585423
SBA_Communications,-0.11498806846077438,-0.008950884111240006,-0.018825408520790784,0.45415341746097077,-0.1378785515899819,2021-07-13,-0.12414426171245739
Northern_Trust,-0.1526323601612168,-0.5079193722278502,0.3069474100970873,0.4765020687668632,-0.08770958169746657,2021-07-13,-0.12666324877571672
PNC_Financial_Services,-0.10495187422216666,-0.2727642284929369,0.15987746121788834,0.8236954417120287,-0.1697490646760087,2021-07-13,-0.13087075040370347
Domino%27s_Pizza,-0.12513844010823977,-0.06874950143088039,0.018999753986022147,0.6569526011672869,-0.15130384991618862,2021-07-13,-0.1356046040314193
Synopsys,-0.11899569551168605,-0.08740595198715113,0.03280980408826728,0.859253138083253,-0.16128972995553253,2021-07-13,-0.13591330928922463
Textron,-0.10573969834328564,-0.36853767603130033,0.22379653370822747,0.8225505630219329,-0.18508403754939895,2021-07-13,-0.13747743402573098
Cummins,-0.11810511172259451,-0.1537956946620361,0.0774282791219558,0.819679674196296,-0.1667400374940095,2021-07-13,-0.13755908203116052
Iron_Mountain_(company),-0.12564082070721505,-0.03680668550347163,-0.002483960833260441,0.804394260301706,-0.15773186810019807,2021-07-13,-0.13847723966440825
LabCorp,-0.1267369238322508,-0.08079375178500034,0.02671448948403266,0.7068404952781638,-0.15713072987530882,2021-07-13,-0.138894446249474
Perrigo,-0.12814130596120307,0.06185518529612731,-0.06904552737141674,0.536778435971944,-0.16398430371260983,2021-07-13,-0.14247850506176576
Dish_Network,-0.14417181416484867,0.15316684593216742,-0.13360838435351077,0.8436151297744378,-0.1485663299101527,2021-07-13,-0.14592962046297028
Edwards_Lifesciences,-0.146889236495667,0.41979556346153757,-0.31261579393310635,0.7452959208897777,-0.14663310937326357,2021-07-13,-0.14678678564670564
Merck_%26_Co.,-0.1438064464565044,0.2459823212491104,-0.19563922768860634,0.7580340879666508,-0.1529826896011216,2021-07-13,-0.14747694371435127
Lumen_Technologies,-0.13579119235468087,0.006493623371320288,-0.03364990691307491,0.5057433938484486,-0.16615699214557064,2021-07-13,-0.1479375122710368
Under_Armour,-0.1277188495484292,-0.20487810789862468,0.10953659427120138,0.8300784355968461,-0.18824715456976002,2021-07-13,-0.15193017155696154
Cardinal_Health,-0.1531461585010792,-0.21988146488371746,0.11408908498817767,0.5071791039492669,-0.15057635784767756,2021-07-13,-0.15211823823971854
Idexx_Laboratories,-0.13202333786237042,0.10505618368300998,-0.09879227261470125,0.4040017930671586,-0.18837272389634285,2021-07-13,-0.15456309227595938
Autodesk,-0.14752862998527097,-0.20246760655504892,0.1036484817569751,0.6196971561543381,-0.1693487482238351,2021-07-13,-0.15625667728069664
Schlumberger,-0.12308324674879802,-0.5579976399185068,0.3468353525782798,0.7764210218408537,-0.20948899194082998,2021-07-13,-0.1576455448256108
Goldman_Sachs,-0.15331742461436537,-0.19854339875510849,0.09977324821824698,0.59524176747764,-0.17172549999212705,2021-07-13,-0.16068065476547005
Invesco,-0.1473345283902128,0.3954759014635591,-0.2964378079538486,0.6318530102347512,-0.19388969752900978,2021-07-13,-0.1659565960457316
Charter_Communications,-0.14591872852037488,-0.29123758534725624,0.16339845927072283,0.76036016785265,-0.2039657285292923,2021-07-13,-0.16913752852394184
The_Home_Depot,-0.16655058630099473,0.25227336769299885,-0.20475735177247123,0.775110392767729,-0.1757682289561079,2021-07-13,-0.17023764336304
Duke_Energy,-0.16019090462760982,0.053634618194454475,-0.07046103183765892,0.8141278696697087,-0.18698649901406933,2021-07-13,-0.17090914238219362
Linde_plc,-0.17613007090417085,-0.37176297307084705,0.2107641588437093,0.5445225398826438,-0.16779923039132208,2021-07-13,-0.17279773469903134
Regions_Financial_Corporation,-0.15975703047395082,-0.16361081024460739,0.07500756729139448,0.6820525736738575,-0.19634063739075594,2021-07-13,-0.17439047324067286
Target_Corporation,-0.16959912311750017,-0.1106619988285785,0.03745162375386124,0.4762291063662823,-0.18484796417447943,2021-07-13,-0.17569865954029187
Omnicom_Group,-0.1619606544649076,0.0769747965033129,-0.08646159204311105,0.635126750619501,-0.1995334941252722,2021-07-13,-0.17698979032905343
AT%26T,-0.16580843314341842,-0.03444068025401977,-0.012735638471986206,0.5878787864753398,-0.19879101692852297,2021-07-13,-0.17900146665746025
Amcor,-0.1771005788794632,0.4545281724631988,-0.3423777353653509,0.7410388265192632,-0.1826552907027399,2021-07-13,-0.17932246360877388
American_Express,-0.1621890092826234,-0.30644314376676973,0.17006239883753246,0.7049015967349829,-0.20813887179477483,2021-07-13,-0.18056895428748398
Lincoln_National_Corporation,-0.19120148887341198,-0.4125826492656671,0.23482711870811057,0.5074508892440183,-0.1657398024218171,2021-07-13,-0.18101681429277403
Western_Digital,-0.1670643846408551,0.05538402323396804,-0.07311502570414814,0.6795881216909545,-0.2025410860237427,2021-07-13,-0.18125506519401013
Global_Payments,-0.17341264857335376,-0.254682824276408,0.13300361710368055,0.6006124471672962,-0.1933747058098051,2021-07-13,-0.18139747146793428
Abiomed,-0.1867828231506108,-0.2928968613753333,0.1556900897437636,0.49560271820413176,-0.17625321405792113,2021-07-13,-0.18257097951353493
PPG_Industries,-0.17727184499275,0.08920521794700248,-0.09795011625084532,0.8992100796019366,-0.19500773011256312,2021-07-13,-0.18436619904067525
Equinix,-0.16907390703675435,-0.13653233834540385,0.05487672399737031,0.6837594481796737,-0.20755245936511788,2021-07-13,-0.18446532796809978
The_Hartford,-0.17690647728440456,0.18132469679824678,-0.15951521692970413,0.7548289807352471,-0.19955255814776038,2021-07-13,-0.18596490962974688
F5_Networks,-0.19308541611956645,-0.1926161009069859,0.08722468715359331,0.42684848902119843,-0.18807862059927477,2021-07-13,-0.19108269791144977
IDEX_Corporation,-0.1846134523823115,0.21070500257072877,-0.1808389610570956,0.7587424834248023,-0.205581576518863,2021-07-13,-0.1930007020369321
Arista_Networks,-0.1745658404028183,0.06640879696252663,-0.08211137492242741,0.5403091332052448,-0.22079593580121987,2021-07-13,-0.19305787856217893
The_Cooper_Companies,-0.19958211068357992,-0.305800949001587,0.16156300606902882,0.4943901655101691,-0.18920408640461248,2021-07-13,-0.19543090097199295
Fifth_Third_Bank,-0.16336503659385984,-0.5068462069979232,0.30391310079878564,0.7766481486021807,-0.2530931040860489,2021-07-13,-0.19925626359073545
American_Water_Works,-0.19115581790986869,0.25941728082436216,-0.21484782659587728,0.7318058211137545,-0.2161605683009762,2021-07-13,-0.20115771806631172
Texas_Instruments,-0.18357443796170492,-0.05005219144235866,-0.00612283202748817,0.8275962091959279,-0.231120273888838,2021-07-13,-0.20259277233255815
Oneok,-0.18554970713494712,-0.016581391704060644,-0.02894689178383112,0.8962302897325857,-0.22935734440987798,2021-07-13,-0.20307276204491947
"Tapestry,_Inc.",-0.1697018827854726,-0.5908814513290752,0.35877976245481674,0.7552579660453776,-0.25719004343539403,2021-07-13,-0.20469714704544117
FMC_Corporation,-0.18866675039676636,0.06281170667393128,-0.08274735596579753,0.6072709231852291,-0.23327038326384586,2021-07-13,-0.20650820354359817
Alphabet_Inc.,-0.1939874176495439,-0.08012119518600391,0.011751377205962893,0.5858239723133957,-0.2291729572739427,2021-07-13,-0.20806163349930343
Humana,-0.192948403228938,0.04154926669954538,-0.06944309253123775,0.59112951672054,-0.23783049781598065,2021-07-13,-0.21090124106375505
PVH_(company),-0.21018919196647803,-0.2724839407182249,0.13697906334798363,0.5152639580360902,-0.21361128241423832,2021-07-13,-0.21155802814558214
Waste_Management_(corporation),-0.19506068529280784,-0.09843771526466485,0.02377669652101741,0.6923487431561726,-0.23943721721444633,2021-07-13,-0.21281129806146323
Advance_Auto_Parts,-0.1826610186908414,-0.3793223776658345,0.21441329773317996,0.7748695876945566,-0.2621730953429055,2021-07-13,-0.21446584935166702
Trane_Technologies,-0.210668737083681,-0.25802082507750795,0.12719723544359074,0.5299729542440279,-0.2202155605628987,2021-07-13,-0.2144874664753681
Chubb_Limited,-0.19691035931630552,-0.13224565703982652,0.04600091752124725,0.7178907919426474,-0.2458473812583551,2021-07-13,-0.21648516809312535
Martin_Marietta_Inc.,-0.20250505235034283,-0.2066360944533264,0.0945736873470365,0.6428092328162189,-0.24075895435098882,2021-07-13,-0.21780661315060124
General_Dynamics,-0.19992464291015444,-0.050956984089324836,-0.009045839509351538,0.7641333381388098,-0.24790841277316797,2021-07-13,-0.21911815085535985
Stryker_Corporation,-0.1989427171939763,-0.5348568421916193,0.3149792120242101,0.683875054818718,-0.24973875744372628,2021-07-13,-0.2192611332938763
Valero_Energy,-0.2046630053777561,0.0505392679416749,-0.07798704709709625,0.7915028959444026,-0.2426480755401066,2021-07-13,-0.2198570334426963
Steris,-0.20393226996106512,0.03905714545060111,-0.07014581359368938,0.7526501810261784,-0.24468171596099378,2021-07-13,-0.22023204836103658
Dollar_General,-0.18255825902286993,0.3642053038811126,-0.2831138305444217,0.5126679400976657,-0.2789557066539172,2021-07-13,-0.22111723807528882
BNY_Mellon,-0.22562597764406425,-0.31525104572553514,0.16226634319319574,0.48331629751581856,-0.21572560265892418,2021-07-13,-0.22166582765000825
Silicon_Valley_Bank,-0.22165260381580926,-0.8972238929736016,0.5525648497363864,0.6183096815218179,-0.22384997359769604,2021-07-13,-0.22253155172856398
ADP_(company),-0.21071440804722388,0.10730182911324045,-0.11727699900731904,0.7854533385975137,-0.24371082713992834,2021-07-13,-0.22391297568430568
Unum,-0.2086021259833526,-0.021150397204661713,-0.030864281193565463,0.7019144316497382,-0.2543121762099944,2021-07-13,-0.2268861460740093
Clorox,-0.19789228503248327,-0.755326336370374,0.4627383286081395,0.7221273113344255,-0.2805957328875639,2021-07-13,-0.23097366417451554
Align_Technology,-0.21066873708368078,0.032725867809783184,-0.06736285747494347,0.4636344640085322,-0.26285875437742134,2021-07-13,-0.231544744001177
Zimmer_Biomet,-0.16830891839740605,-0.7410000750017116,0.45953583446175233,0.8339245697054072,-0.3267112526331305,2021-07-13,-0.23166985209169583
Hormel,-0.22909697087334369,-0.33909219549911856,0.1774711570172921,0.5471670062182717,-0.2371658752992852,2021-07-13,-0.2323245326437203
Akamai_Technologies,-0.21147939668657154,0.07452526733342928,-0.09550886902979686,0.5539899801914453,-0.26570201434255974,2021-07-13,-0.23316844374896684
Cboe_Global_Markets,-0.21532717536508236,-0.06541563070808779,-0.002694448585747921,0.6663579763782056,-0.26161185125297565,2021-07-13,-0.23384104572023967
Motorola_Solutions,-0.2142310722400466,-0.06770741936752929,-0.0009242979258019049,0.7894497699021554,-0.2686069768062132,2021-07-13,-0.23598143406651323
Boston_Properties,-0.21512165602913763,0.13953445461469854,-0.13979734033836505,0.5969030495937593,-0.27163045488458715,2021-07-13,-0.23772517557131742
Danaher_Corporation,-0.23797997328248668,0.26483046633162105,-0.22857511907446193,0.863459179876542,-0.23788479509192492,2021-07-13,-0.23794190200626197
Celanese,-0.18993411963508947,-0.44071684096885005,0.25392729075361187,0.8582483861461491,-0.3142513463904222,2021-07-13,-0.23966101033722256
Verizon_Communications,-0.22378772136145192,-0.0187599824959022,-0.035741025726326356,0.5367574108454808,-0.2695983067197853,2021-07-13,-0.2421119555047853
American_Tower,-0.22264594727287307,-0.017127432674180577,-0.03658708381437464,0.7375327619266162,-0.2718650738121483,2021-07-13,-0.24233359788858316
Activision_Blizzard,-0.24017217953255804,-0.18142533892436177,0.06957451903035174,0.4331850989230436,-0.2491884138913027,2021-07-13,-0.2437786732760559
Chipotle_Mexican_Grill,-0.23738625075642536,-0.27529717917606605,0.13299232263891253,0.60620350628406,-0.2712800434041551,2021-07-13,-0.25094376781551725
Bank_of_America,-0.22701894203212938,-0.11741554266825174,0.029579381810818994,0.7820950878049866,-0.2892696793741069,2021-07-13,-0.2519192369689204
Abbott_Laboratories,-0.23291049632919641,0.0036143698631756053,-0.05268210681606556,0.5487065742706178,-0.28360937463949193,2021-07-13,-0.25319004765331465
Exelon,-0.23629014763138936,0.06474309272857981,-0.09431720031985881,0.8005654765299368,-0.2787762630689708,2021-07-13,-0.25328459380642193
Principal_Financial_Group,-0.2437002614662662,0.3820394512948434,-0.30824278252898263,0.7348573304358087,-0.2711985526955591,2021-07-13,-0.25469957795798337
Corning_Inc.,-0.28308004978135004,0.3931578644979591,-0.32418132585516557,1.0,-0.21410351113855652,2021-07-13,-0.25548943432423266
Albemarle_Corporation,-0.22510076156331807,-0.15304092233405298,0.053832910098935476,0.8670640276753722,-0.3039641299825004,2021-07-13,-0.256646108930991
Mondelez_International,-0.23875637966272045,0.5332058676967971,-0.40833248111462744,0.6710616019227551,-0.28927487704612265,2021-07-13,-0.25896377861608133
Carrier_Global,-0.24876973841955635,-0.21960453620258324,0.09326763651208861,0.5577942638375254,-0.27799625251396887,2021-07-13,-0.2604603440573214
Eversource_Energy,-0.22618544694746645,-0.19295297261646716,0.08030693016036974,0.8843338422270284,-0.31651336043014366,2021-07-13,-0.2623166123405373
C._H._Robinson,-0.23029583366635112,-0.24890752730911442,0.11686321088901376,0.791542983936563,-0.3104536296678653,2021-07-13,-0.2623589520669568
WEC_Energy_Group,-0.2574472214927551,0.23420628910374233,-0.21228336703190942,0.8369067260366961,-0.2737217698936476,2021-07-13,-0.2639570408531121
Kinder_Morgan,-0.26328168708539285,0.15736422058703323,-0.16212177404417008,0.9328852988375353,-0.27860069318089264,2021-07-13,-0.2694092895235928
Federal_Realty_Investment_Trust,-0.2495575625406749,-0.006711529999159903,-0.04936481983685878,0.6572670544071149,-0.3033336499306465,2021-07-13,-0.27106799749666355
Qorvo,-0.2516355913818892,-0.24451946599400506,0.10932158873280622,0.6584970377189825,-0.3033293466707627,2021-07-13,-0.2723130934974386
Sysco,-0.2506308301839396,-0.03724757532810632,-0.029162513383940016,0.7787139531651888,-0.30879855019744745,2021-07-13,-0.2738979181893427
Philip_Morris_International,-0.2512245527100009,-0.08204665265771552,0.0006877302273965715,0.7600759569626667,-0.3128985105170009,2021-07-13,-0.27589413583280087
Boston_Scientific,-0.2602788212324309,0.12126161482073784,-0.1373148169824389,0.776469331332568,-0.30343771323870405,2021-07-13,-0.2775423780349402
Broadridge_Financial_Solutions,-0.2591142116620807,-0.19200127403088887,0.07256385582348773,0.6325093896788018,-0.30799296449342284,2021-07-13,-0.27866571279461755
The_Est%C3%A9e_Lauder_Companies,-0.2593311487389102,-0.1562584119463903,0.048598849771708266,0.6280319433431142,-0.30886757308560236,2021-07-13,-0.27914571847758707
S%26P_Global,-0.2521608074626354,-0.39086160647175944,0.2071365821142491,0.7043752293368114,-0.3203374590458864,2021-07-13,-0.2794314680959358
Everest_Re,-0.26446913213751516,-0.12000322395747098,0.02322901765673957,0.5869394145411875,-0.3116747364934286,2021-07-13,-0.2833513738798805
FirstEnergy,-0.2753730746834435,-0.2218390230425479,0.08902173917507689,0.5258275249153915,-0.30300039992447814,2021-07-13,-0.28642400477985736
Best_Buy,-0.288218033179955,-0.35837822749659604,0.17761819041317606,0.4842851000400484,-0.2841570785221431,2021-07-13,-0.28659365131683023
Take-Two_Interactive,-0.2738545151456334,-0.0034892041471884083,-0.056764542444803966,0.42610178530118414,-0.3321058137068346,2021-07-13,-0.29715503457011394
Ametek,-0.2935615359145042,-0.2388685989281129,0.09649230888020074,0.44322819869470137,-0.302942525861938,2021-07-13,-0.2973139318934777
Comcast,-0.2788440679127234,0.21578942032830728,-0.20457684569009388,0.729497284591288,-0.32600311742978905,2021-07-13,-0.2977076877195497
Welltower,-0.2642179418380275,-0.1556819498359397,0.047158497482976916,0.8673524672430657,-0.3520905676504641,2021-07-13,-0.2993669921630021
Microchip_Technology,-0.2782845986093193,-0.06949825897459223,-0.013549045289160826,0.6586306543359273,-0.33760732768212354,2021-07-13,-0.30201369023844105
Centene_Corporation,-0.29063859424774247,0.17944298753788607,-0.1828000908485676,0.8502114222943634,-0.32087420744097417,2021-07-13,-0.30273283952503516
ConocoPhillips,-0.2704406106207827,-0.1697216800396819,0.05521062944668245,0.8143387221087923,-0.3534409172117721,2021-07-13,-0.30364073325717844
Ford_Motor_Company,-0.2224290101960425,-0.637697589529448,0.3787290728969398,0.9199148197083288,-0.4303274003995207,2021-07-13,-0.3055883662774338
Yum!_Brands,-0.2851352431407919,-0.0963608151519628,0.002948266012162774,0.6437742969046193,-0.34422159315224,2021-07-13,-0.3087697831453712
DaVita_Inc.,-0.2899992007581379,-0.17639105551775222,0.05545274170051973,0.587686226722936,-0.3382090529025219,2021-07-13,-0.3092831416158915
Duke_Realty,-0.31194409874062357,0.5159450332863883,-0.41257632491259044,0.8104858817781696,-0.30635425840102853,2021-07-13,-0.30970816260478556
American_Electric_Power,-0.2919059634860645,-0.089780252563364,-0.0029164361569081997,0.5133622244082953,-0.3409121898068398,2021-07-13,-0.3115084540143746
Microsoft,-0.2930705730564151,-0.18050832810033482,0.05754509263719999,0.592691489319319,-0.34251123023554286,2021-07-13,-0.31284683592806617
Teradyne,-0.28798967836223927,0.08691036155449247,-0.12030802264314273,0.6291030548757564,-0.3536221270510943,2021-07-13,-0.31424265783778127
Marathon_Petroleum,-0.26872794948791534,-0.2904323145538702,0.1363566356623345,0.8649051660373945,-0.3835677230674207,2021-07-13,-0.3146638589197175
Amazon_(company),-0.29988696436523093,-0.3022912392811002,0.1375680183471395,0.584734001488086,-0.33907891197772166,2021-07-13,-0.3155637434102272
Campbell_Soup_Company,-0.2932075859470442,-0.5061487444199388,0.2754255857001399,0.6557232129290756,-0.34967548115796415,2021-07-13,-0.31579474403141217
M%26T_Bank,-0.3110192617288742,-0.2628096750119343,0.10874557102965687,0.46513521825369764,-0.32451572624507674,2021-07-13,-0.3164178475353552
People%27s_United_Financial,-0.29720379525707047,-0.2957741788015195,0.1337860154812204,0.6933436172845716,-0.36849091880546925,2021-07-13,-0.32571864467642997
State_Street_Corporation,-0.2964159711359519,-0.06750976384664979,-0.01879255189601202,0.8245280140003506,-0.37087221454207475,2021-07-13,-0.32619846849840106
Norfolk_Southern_Railway,-0.29434936003562384,-0.28061516737826286,0.12425800500324251,0.758480093377187,-0.3829323733885011,2021-07-13,-0.32978256537677475
Caesars_Entertainment_(2020),-0.2876813993583228,-0.2879221041274167,0.13058660164340546,0.8306062723952515,-0.39624470336438844,2021-07-13,-0.33110672096074906
Entergy,-0.3083703458433709,-0.4347650722860715,0.22438528335347818,0.6533347735761534,-0.3680322025507332,2021-07-13,-0.33223508852631584
Wynn_Resorts,-0.2971467065526418,-0.25921503284122127,0.10933390996709871,0.7741422157862899,-0.38848209647436205,2021-07-13,-0.3336808625213299
Universal_Health_Services,-0.30843885228868567,-0.24614818675247696,0.09815300590885295,0.661233090367214,-0.3730471725944592,2021-07-13,-0.33428218041099506
Thermo_Fisher_Scientific,-0.3193656303163857,-0.37078124504380033,0.17919612981816702,0.5916083653625293,-0.3595267867856648,2021-07-13,-0.3354300929040973
Alexion_Pharmaceuticals,-0.3259422490666,-0.2516208049761848,0.09803780236822303,0.5081251564180246,-0.35575930758493013,2021-07-13,-0.33786907247393205
Corteva,-0.3233390041446412,-0.274417529734161,0.11385457082882039,0.5657607146217831,-0.3647390910429641,2021-07-13,-0.33989903890397033
Altria,-0.3129831131612301,0.06537665425777456,-0.1112919594499964,0.6632209838714596,-0.38091590365216105,2021-07-13,-0.3401562293576025
Netflix,-0.3281915440210998,-0.30208201519641203,0.13131971508377827,0.5363594032191076,-0.35889635833129446,2021-07-13,-0.34047346974517767
Alaska_Air_Group,-0.31342840505577607,-0.02984319797037549,-0.047669417998283885,0.6917988759307578,-0.3817433138641448,2021-07-13,-0.34075436857912356
Kimco_Realty,-0.3265588070744321,-0.25631784186991535,0.10104787990575081,0.5635071495834353,-0.369947863628175,2021-07-13,-0.3439144296959292
L_Brands,-0.3220259639427745,-0.257923864782766,0.10310080289269734,0.6351912997198034,-0.3827561559501971,2021-07-13,-0.34631804074574357
Lam_Research,-0.3470764874461943,0.46682463998967183,-0.3872880182978539,0.830596426539859,-0.34662162794787066,2021-07-13,-0.34689454364686484
Chevron_Corporation,-0.32030188506902046,-0.04685562358336146,-0.037768484829069165,0.7082879339294652,-0.39125764271892544,2021-07-13,-0.34868418812898244
Amphenol,-0.2905472523206572,-0.44458351834337756,0.2348018601778116,0.868912514989479,-0.442049575189461,2021-07-13,-0.3511481814681787
Rockwell_Automation,-0.31217245355833834,-0.23589992498349655,0.09048940353315515,0.8018425906129929,-0.4108376569993607,2021-07-13,-0.3516385349347473
Williams_Companies,-0.3255426281355975,-0.16916947912224392,0.04294976920274615,0.6398879269077342,-0.39084236622444524,2021-07-13,-0.35166252337113657
Dexcom,-0.35392713197766645,-0.6074033489413367,0.330078884649015,0.5531365733465357,-0.35982525440127255,2021-07-13,-0.35628638094710885
Jack_Henry_%26_Associates,-0.32994987611751253,0.022284306100920408,-0.08611721354465007,0.7346736103127002,-0.3996953980456861,2021-07-13,-0.35784808488878195
Procter_%26_Gamble,-0.33383190801867996,-0.028119468860164837,-0.05322608931005596,0.7129943544417089,-0.4071070198759329,2021-07-13,-0.3631419527615811
Globe_Life,-0.33686902709429917,-0.04609253455068686,-0.04185441147419014,0.564550224077254,-0.4047449892773682,2021-07-13,-0.3640194119675268
Whirlpool_Corporation,-0.3347681627713148,-0.21771526087874676,0.07344441336755379,0.7044939536079,-0.4147028343010047,2021-07-13,-0.3667420313831908
Electronic_Arts,-0.3561307559686241,-0.2428941598427699,0.08568330074366849,0.4636827919506282,-0.38307329740935336,2021-07-13,-0.3669077725449158
PPL_Corporation,-0.339141157530571,0.013392829880146801,-0.08215080287216225,0.8488779858175504,-0.40992308194967714,2021-07-13,-0.36745392729821347
NXP_Semiconductors,-0.3444161538198046,0.3527913080282149,-0.3104057752089365,0.6976735625998755,-0.4086887603024264,2021-07-13,-0.37012519641285335
Royal_Caribbean_Group,-0.34843519861160344,0.17812270790976645,-0.194389443823592,0.7730825626519868,-0.4051210829378019,2021-07-13,-0.3711095523420828
T-Mobile_US,-0.3432515442494548,-0.08141047991771667,-0.019597949910896747,0.6218557261663625,-0.41347506726713534,2021-07-13,-0.371340953456527
Public_Storage,-0.3482525147574305,-0.43077109450572576,0.21310580942089793,0.6293333626089642,-0.4062453267565649,2021-07-13,-0.3714496395570843
Arthur_J._Gallagher_%26_Co.,-0.3422353653106207,-0.25247619219066153,0.09509405414196798,0.6738356390137581,-0.41726876746920755,2021-07-13,-0.37224872617405547
MSCI,-0.318029754632748,-0.2891898161133177,0.12488556653651292,0.9209384297169431,-0.45947020323776544,2021-07-13,-0.37460593407475495
AES_Corporation,-0.360686434582054,-0.27359980284803304,0.10524757261416767,0.5351063474279192,-0.4018438531268961,2021-07-13,-0.37714940199999086
Caterpillar_Inc.,-0.3338661612413367,-0.2399279478082487,0.08850322056529047,0.8215151247843193,-0.44246737865898533,2021-07-13,-0.37730664820839616
PerkinElmer,-0.34056837514129434,-0.4040776525875925,0.1969015381418181,0.7148638691602288,-0.43252735116942537,2021-07-13,-0.3773519655525468
Regeneron_Pharmaceuticals,-0.35465786739435806,-0.6651440283728917,0.3685597421740648,0.6436258219527627,-0.41420199719876744,2021-07-13,-0.3784755193161218
Gap_Inc.,-0.33420869346791066,-0.3303982717024265,0.14896967785311546,0.795464754058028,-0.44805919555576346,2021-07-13,-0.3797488943030518
Ansys,-0.35184910313645273,-0.03419753939251015,-0.053047020705013034,0.5126016826383551,-0.4224258400761579,2021-07-13,-0.3800797979123348
Loews_Corporation,-0.326079261957229,-0.4426478942863512,0.22583857293821627,0.816510425065222,-0.46166730933698685,2021-07-13,-0.38031448090913217
JPMorgan_Chase,-0.36041240880079506,-0.268645592894862,0.10199148109861046,0.5809703343283861,-0.4144960476221601,2021-07-13,-0.38204586432934107
Moody%27s_Corporation,-0.35281961111174504,0.038864013086112585,-0.10214734471240365,0.5467179424974064,-0.43371930255251695,2021-07-13,-0.38517948768805377
Expedia_Group,-0.35398422068209656,-0.09969448623246706,-0.009678945598053679,0.7208127346225667,-0.4355242215281666,2021-07-13,-0.3866002210205246
American_Airlines_Group,-0.36850758708881864,-0.13208979847690466,0.008864922719164984,0.4186038197691393,-0.4149359585646218,2021-07-13,-0.38707893567913987
IBM,-0.3664067227658336,-0.22209681226912298,0.06954864443833875,0.5499461892279432,-0.4189993738745729,2021-07-13,-0.3874437832093293
Paccar,-0.3796741376751197,-0.3774681093932898,0.1706558716225956,0.518593608868193,-0.4047708151354441,2021-07-13,-0.38971280865924945
McDonald%27s,-0.3587340008905832,-0.23456728753215345,0.07954937960531819,0.6858788807298045,-0.44006936991364465,2021-07-13,-0.3912681484998078
Marriott_International,-0.3453866617950981,-0.17473071404118767,0.04238874233465205,0.9194182125595598,-0.4636485202434504,2021-07-13,-0.392691405174439
Etsy,-0.39085210600230635,-0.3041159432545738,0.11915824612979767,0.4122717432626764,-0.39707226995204503,2021-07-13,-0.3933401715822018
Keysight,-0.3370745464302431,-0.47018146474844996,0.24189047161988453,0.8145119699442238,-0.47815250589387914,2021-07-13,-0.3935057302156975
Marathon_Oil,-0.3542468287224698,-0.09271702167029243,-0.014404755010737727,0.9182001910083316,-0.4537843707405937,2021-07-13,-0.39406184552971935
Citrix_Systems,-0.3690556386513371,-0.985252560638121,0.57966088677566,0.6573437780734736,-0.43704439244210375,2021-07-13,-0.3962511401676438
Zoetis,-0.3712592626422934,0.17891114978914424,-0.19984261676731083,0.7419487976112675,-0.43835896694429927,2021-07-13,-0.3980991443630958
PepsiCo,-0.38339632120388667,0.25455510044963714,-0.2530808219577537,0.8350365527303281,-0.423914329602253,2021-07-13,-0.3996035245632332
Franklin_Templeton_Investments,-0.3749243574666312,-0.05851283546533016,-0.04175563624595003,0.544765887383862,-0.4485557904481977,2021-07-13,-0.40437693065925784
United_Airlines_Holdings,-0.37926309900323113,0.21518330254537216,-0.2258422693085035,0.7445625040408254,-0.44488794974077783,2021-07-13,-0.40551303929824983
APA_Corporation,-0.3637920601029889,-0.11191617030895687,-0.003617103680311253,0.9058174249273412,-0.46878478098028925,2021-07-13,-0.40578914845390907
Cadence_Design_Systems,-0.3776189443156775,0.24734884616882047,-0.2470117926533407,0.6946991877396739,-0.45279769444719303,2021-07-13,-0.4076904443682837
Aptiv,-0.40612904330749133,-0.3796765161920971,0.16642455441282875,0.45999030142886915,-0.4143520040233283,2021-07-13,-0.4094182275938261
UnitedHealth_Group,-0.3692611579872806,-0.1707231033474887,0.03455469621791519,0.7976300873710815,-0.47088034560868497,2021-07-13,-0.40990883303584236
Ulta_Beauty,-0.3796741376751201,-0.10404583646831601,-0.012311171950628298,0.633539370778562,-0.4579024433940145,2021-07-13,-0.41096545996267786
AbbVie,-0.3908749414840784,0.2174935144986907,-0.22989410720541645,0.8240450458943525,-0.4415445955526973,2021-07-13,-0.41114280311152596
Northrop_Grumman,-0.3755066622518068,-0.23991901838447535,0.07951097842510754,0.7336268053056744,-0.4720067068161753,2021-07-13,-0.4141066800775542
Carnival_Corporation_%26_plc,-0.4034458741993312,0.18932291548974972,-0.21375595988370402,0.9417639579326343,-0.43890433586406286,2021-07-13,-0.41762925886522384
Digital_Realty,-0.3951680120571347,-0.21496197993107355,0.05856734437562333,0.5374945252894529,-0.45214155503984466,2021-07-13,-0.4179574292502187
Walgreens_Boots_Alliance,-0.3689414612424783,-0.7755323803775193,0.4393462599509369,0.7300431032434834,-0.4957672669281511,2021-07-13,-0.4196717835167474
Bristol_Myers_Squibb,-0.3855885274539588,-0.1573384877648487,0.02207451800358232,0.7280965788035499,-0.47807162410608695,2021-07-13,-0.42258176611481
Zebra_Technologies,-0.3865932886519073,-0.10193431548629762,-0.015217340412293641,0.7504567737777378,-0.47830792660128996,2021-07-13,-0.4232791438316603
DXC_Technology,-0.37020883048080144,-0.49288320598067276,0.24993130911882197,0.7784145913007622,-0.5039450007044343,2021-07-13,-0.42370329857025457
John_Deere,-0.40358288708996093,-0.22885188807890086,0.06604612823694204,0.6219578566649665,-0.47987298865630285,2021-07-13,-0.4340989277164977
Packaging_Corporation_of_America,-0.4220682095840516,-0.38239925911043143,0.1648067763502942,0.5295995997355719,-0.4597799277978211,2021-07-13,-0.4371528968695594
Wells_Fargo,-0.40963428975942856,-0.21463410557201695,0.05522603098954702,0.6189258106685054,-0.48725084655815165,2021-07-13,-0.44068091247891783
Molson_Coors_Beverage_Company,-0.4057180046356033,0.11826229733634984,-0.16669438944382337,0.6693525659920947,-0.4932532218972209,2021-07-13,-0.44073209154025034
Las_Vegas_Sands,-0.408424009225535,-0.032559870935583754,-0.06635210555519275,0.8247345548906104,-0.5016293654440822,2021-07-13,-0.4457061517129539
Ball_Corporation,-0.4032746080860445,-0.45506148942682884,0.21748621356559583,0.7257268889630065,-0.5160387535290532,2021-07-13,-0.44838026626324795
EOG_Resources,-0.4142584748181729,-0.02576145412955637,-0.07216054075433048,0.6225473434709572,-0.5024567404048076,2021-07-13,-0.44953778105282677
Starbucks,-0.40956578331411375,-0.20207425607642918,0.04683609185233756,0.7285075540158986,-0.5099423134855979,2021-07-13,-0.4497163953827074
Regency_Centers,-0.4267038123836817,0.16953160196085418,-0.20553133063991116,0.7666227040581824,-0.5022683679050474,2021-07-13,-0.45692963459222796
Twitter,-0.42841647351655066,-0.42967711303289335,0.19507388838850992,0.6516814842817348,-0.5133552039112075,2021-07-13,-0.46239196567441343
Southwest_Airlines,-0.4214059806126764,-0.07390713136052794,-0.04148518515324086,0.8425378294737916,-0.5251607198050509,2021-07-13,-0.4629078762896262
Kraft_Heinz,-0.4466391879702685,0.26263001695034394,-0.2721325304817065,0.843586047359537,-0.4972207005348662,2021-07-13,-0.4668717929961076
McKesson_Corporation,-0.4227989450007425,-0.2001027870911454,0.04266104161250475,0.7640694784406518,-0.53303033555549,2021-07-13,-0.46689150122264145
O%27Reilly_Auto_Parts,-0.438738111277303,0.17552281327075858,-0.21213756575945344,0.7780068538526694,-0.514317725304604,2021-07-13,-0.4689699568882234
Cigna,-0.4326638731260637,-0.3596096580306851,0.14726996358253847,0.666993069928213,-0.5252510593292468,2021-07-13,-0.4696987476073369
Nielsen_Holdings,-0.4721692565908901,0.42218276079171113,-0.38441059938286987,0.9105635010460239,-0.47215564322598347,2021-07-13,-0.47216381124492746
Intuitive_Surgical,-0.43902355479944727,-0.4507503259080197,0.20688646105812233,0.6544200391701949,-0.5271171396780293,2021-07-13,-0.4742609887508801
"Facebook,_Inc.",-0.44321386570453203,-0.4162066181645767,0.1828664201598396,0.6273812207100979,-0.5214676617164062,2021-07-13,-0.47451538410928173
Morgan_Stanley,-0.40287498715504133,-0.5585228491294795,0.28680609375391397,0.8351321976910234,-0.5825093078552814,2021-07-13,-0.4747287154351374
Illinois_Tool_Works,-0.43957160636196524,-0.008925738147737635,-0.08888928590643805,0.7538547893678024,-0.5351896027197183,2021-07-13,-0.47781880490506645
HP_Inc.,-0.4365459050272311,-0.07750756591607179,-0.042343153767771716,0.9327753625762957,-0.5511862066947728,2021-07-13,-0.4824020256942478
WestRock,-0.4525649954899927,-0.2109367855444885,0.043487180371780836,0.5726428213401145,-0.5298692511168224,2021-07-13,-0.48348669774072456
Boeing,-0.44652501056141064,0.020337931703146208,-0.10997235525732689,0.8265717087943578,-0.539686606857525,2021-07-13,-0.48378964907985644
Citigroup,-0.4532957309066825,-0.5000956760672701,0.23682706038760082,0.626867427144332,-0.5299623603013766,2021-07-13,-0.48396238266456015
CME_Group,-0.45592181131041426,-0.39012815518169336,0.16267294392483045,0.6328109181224514,-0.5401262234515294,2021-07-13,-0.48960357616686034
AmerisourceBergen,-0.446136807371294,-0.3116450291164166,0.11226574766687213,0.7338116047770966,-0.5625597986411446,2021-07-13,-0.49270600387923424
Qualcomm,-0.4644051927885554,-0.1758901826673534,0.017479724382203018,0.507840634672287,-0.5362496504047656,2021-07-13,-0.49314297583503947
Walmart,-0.45669821769064806,0.0029122427586129413,-0.10050697772033323,0.5814871781538294,-0.5555117635871766,2021-07-13,-0.49622363604925945
The_Walt_Disney_Company,-0.4581711062649146,-0.021440530895726954,-0.08452859573660618,0.6301751143297295,-0.5562109910100256,2021-07-13,-0.49738706016295897
Roper_Technologies,-0.4892730324378007,-0.5822261619358021,0.2840225215734535,0.5244847623276726,-0.5106192610281994,2021-07-13,-0.4978115238739602
Diamondback_Energy,-0.4508180811344672,-0.25678453140896856,0.07454428888201664,0.7623990966143646,-0.5720460870231912,2021-07-13,-0.49930928348995673
Newell_Brands,-0.4664032974435681,-0.7534711364338128,0.40355061008591553,0.6588668592814709,-0.5592898485790395,2021-07-13,-0.5035579178977567
Air_Products_%26_Chemicals,-0.472797232339609,-0.3689850650917013,0.14488272443847003,0.6250038054754689,-0.5585315777470659,2021-07-13,-0.5070909705025918
PayPal,-0.46949750522361705,-0.1629570151935235,0.00772623531668206,0.6508492858287099,-0.567831726866418,2021-07-13,-0.5088311938807375
Ingersoll_Rand,-0.46255551876505685,-0.39748532489614335,0.16616457636926923,0.7301919260047494,-0.586631517340326,2021-07-13,-0.5121859181951645
Equity_Residential,-0.4714385211742001,-0.0576073963083607,-0.06318986077415985,0.686474631016522,-0.5741743980729644,2021-07-13,-0.5125328719337058
KeyBank,-0.47044517771713695,-0.2869201560258899,0.09047461805200463,0.6889931869662574,-0.577656592370266,2021-07-13,-0.5133297435783886
General_Mills,-0.4577600675930264,-0.24258145209119894,0.06354183736710046,0.8825835089429649,-0.6083166194170561,2021-07-13,-0.5179826883226383
L3Harris_Technologies,-0.4792710914218519,0.22173231061850343,-0.2518070116858693,0.6716265800814483,-0.5821567896334583,2021-07-13,-0.5204253707064945
Advanced_Micro_Devices,-0.48613315369421034,-0.4993023286423854,0.22920966264049825,0.6555601460100187,-0.5842461985216566,2021-07-13,-0.5253783716251889
Gilead_Sciences,-0.48451183448842833,-0.2546221809484267,0.06582598885092639,0.6688745184442613,-0.5889961343046084,2021-07-13,-0.5263055544149003
NiSource,-0.47883721726819145,-0.4827333526888428,0.21969664299757527,0.7191349760880291,-0.6062910123134013,2021-07-13,-0.5298187352862753
Fastenal,-0.5101104095543657,-0.3682431377968796,0.13633384137889415,0.5385092196699919,-0.5720788929592985,2021-07-13,-0.5348978029163388
Realty_Income,-0.4908829339026983,-0.2918154504706137,0.08933983237371365,0.6884658226183322,-0.6024480656899749,2021-07-13,-0.5355089866176089
CDW,-0.490745921012069,-0.6109991882761754,0.3029588212028729,0.6801829694736886,-0.6033783420368984,2021-07-13,-0.5357988894220007
Baker_Hughes,-0.4983501364420037,-0.2998308456399016,0.09309205892342745,0.6525751165772575,-0.6009202265654927,2021-07-13,-0.5393781724913993
Consolidated_Edison,-0.48712649715127376,-0.2425952953358058,0.057213651434746354,0.7871869332154618,-0.6208806922644197,2021-07-13,-0.5406281751965321
Prologis,-0.49919504926755187,-0.07704198320214559,-0.05617476603002821,0.6288910417878218,-0.6038208283749773,2021-07-13,-0.541045360910522
Colgate-Palmolive,-0.4872977632645607,-0.2163564075329438,0.03961831280410325,0.8214832689546577,-0.6254126193799062,2021-07-13,-0.542543705710699
Pentair,-0.5190505006679381,-0.7273834885264047,0.37473185913872065,0.6022814553453311,-0.5824082275930644,2021-07-13,-0.5443935914379887
Zions_Bancorporation,-0.4338855714008425,-0.6796602816190488,0.36117583181679536,0.9388261429723068,-0.7107925803079306,2021-07-13,-0.5446483749636777
BlackRock,-0.47598278204674455,-0.6604709278655472,0.33924999004033474,0.8043746723513889,-0.6679988782058772,2021-07-13,-0.5527892205103977
Monster_Beverage,-0.507370151741777,-0.19030503418124078,0.01785367384296427,0.6938260218067696,-0.6215550626945844,2021-07-13,-0.5530441161228999
Fortinet,-0.42169142413482147,-0.8408936935563076,0.47170058907821044,0.9526288907635331,-0.7510504615992066,2021-07-13,-0.5534350391205756
Dominion_Energy,-0.5117545642419191,-0.10876406716679557,-0.03765759372044168,0.6123832083009668,-0.6160174463618249,2021-07-13,-0.5534597170898814
CBRE_Group,-0.509208408024389,-0.4218419510604962,0.17239542455071707,0.6742422496377336,-0.6212366495482716,2021-07-13,-0.5540197046339421
MetLife,-0.5065594921388861,-0.11720486902193351,-0.03088810224653042,0.7585019447117761,-0.626347715468242,2021-07-13,-0.5544747814706285
Salesforce,-0.5205005537604332,-0.36286450212903654,0.13049234420107214,0.6035626119478579,-0.6090196562475214,2021-07-13,-0.5559081947552684
Huntington_Ingalls_Industries,-0.514243631755021,-0.15745858070474114,-0.0056096526192273045,0.7516459661235622,-0.6382063913925083,2021-07-13,-0.5638287356100159
American_International_Group,-0.4982359590331462,-0.24348520928774073,0.05541167091954552,0.9506436547515724,-0.6742919573488501,2021-07-13,-0.5686583583594278
Verisign,-0.525158992041834,0.08407768641989168,-0.1695950133500571,0.6601794235732802,-0.639247646835832,2021-07-13,-0.5707944539594332
Tyson_Foods,-0.5343502734548939,-0.2665149117699641,0.06302886331274425,0.6407912848055147,-0.6421018428750533,2021-07-13,-0.5774509012229577
PTC_(software_company),-0.5082835710126399,-0.32751021462445695,0.10947067566773909,0.8673884840172599,-0.6828914839081759,2021-07-13,-0.5781267361708543
AvalonBay_Communities,-0.541006816391308,-0.2364220699094535,0.04145499812922596,0.602540655291228,-0.6420057271906326,2021-07-13,-0.5814063807110379
Broadcom_Inc.,-0.5371476199719127,-0.009480693370193125,-0.10957540615922122,0.8996120329331134,-0.655251971967509,2021-07-13,-0.5843893607701512
Costco,-0.5463160659032,-0.15149775881307564,-0.016519900230858413,0.5422351043264094,-0.6449833691892837,2021-07-13,-0.5857829872176334
Sealed_Air,-0.570441752394871,-0.43361281457388506,0.1670576605015313,0.4882584536871925,-0.6150992142361362,2021-07-13,-0.5883047371313771
3M,-0.5494673623876785,-0.3285207435515626,0.10125918907385804,0.6145684437605674,-0.6501066554213687,2021-07-13,-0.5897230796011546
Eli_Lilly_and_Company,-0.5266090451343298,-0.436702239002169,0.17858438053557088,0.7903142805163883,-0.6931566804156539,2021-07-13,-0.5932280992468595
Synchrony_Financial,-0.5484854366715008,-0.2204934064287681,0.029182022004903146,0.6418298911948694,-0.6608226737239601,2021-07-13,-0.5934203314924846
Conagra_Brands,-0.5467499400568607,0.030998787881322827,-0.13873545529630252,0.7044352905302089,-0.6636487552058993,2021-07-13,-0.5935094661164761
Parker_Hannifin,-0.5387575214368093,-0.4102902178890808,0.1582884327020345,0.7949130343196176,-0.7066141307886411,2021-07-13,-0.605900165177542
Intel,-0.5682152929221425,-0.4261781788239436,0.162563079585727,0.6284201274886095,-0.6734711588058215,2021-07-13,-0.6103176392756141
Gartner,-0.5982896224153084,-0.32591327181531055,0.08897820414724554,0.47853469685677075,-0.6652722269978008,2021-07-13,-0.6250826642483054
Kroger,-0.5660915931173857,-0.3859945739963549,0.13613156778260072,0.7448144253312623,-0.7174543521468655,2021-07-13,-0.6266366967291777
International_Paper,-0.5778061952662049,-0.13236427007521925,-0.036119287619089266,0.6697349537216298,-0.7025744611785184,2021-07-13,-0.6277135016311304
U.S._Bancorp,-0.5715949442243352,-0.22481598817626053,0.02708741217526829,0.7598364144002129,-0.7153309064047573,2021-07-13,-0.6290893290965041
Jacobs_Engineering_Group,-0.5788908806503545,-0.2565581780848258,0.04675395029039079,0.6722638330438063,-0.7046117145580042,2021-07-13,-0.6291792142134145
Enphase_Energy,-0.5559069682472625,-0.4531536304746346,0.18327055664461592,0.8428014131514926,-0.754554931741398,2021-07-13,-0.6353661536449167
Agilent_Technologies,-0.6170718061724313,-0.41474585139538794,0.14436933967630483,0.46347062890061824,-0.6649249870762692,2021-07-13,-0.6362130785339665
Skyworks_Solutions,-0.5631914869323956,-0.3921309690408009,0.14086374316633524,0.86592599351488,-0.7618841427206686,2021-07-13,-0.6426685492477049
ExxonMobil,-0.5539773700375642,-0.3711025181047099,0.12878051405010862,0.9492575727745647,-0.7774687315740615,2021-07-13,-0.6433739146521631
Kellogg%27s,-0.5656348834819547,-0.7858255309738996,0.40378656172260674,0.7650309475757044,-0.7630291723494914,2021-07-13,-0.6445925990289694
International_Flavors_%26_Fragrances,-0.6226664992064667,-0.8203937812715103,0.4146109714020041,0.5730290429918988,-0.6781649911629812,2021-07-13,-0.6448658959890725
Halliburton,-0.6024913510612798,-0.026106222915633946,-0.11255160030244482,0.9292801046017723,-0.7393029449255222,2021-07-13,-0.6572159886069767
Mastercard,-0.5659545802267565,-0.6512115805564149,0.313637429609815,0.857830991656426,-0.8109466265437995,2021-07-13,-0.6639513987535737
Delta_Air_Lines,-0.6090337165888354,-0.07809616345030226,-0.07917317125160325,0.9254524635101641,-0.7604811746962133,2021-07-13,-0.6696126998317866
Allstate,-0.6239795394083321,-0.12339348207599031,-0.05208678584585872,0.516175970304439,-0.7397590755940084,2021-07-13,-0.6702913538826026
Host_Hotels_%26_Resorts,-0.6068300925978787,-0.417614537654416,0.14849921205706634,0.7687900586732309,-0.779388785446945,2021-07-13,-0.6758535697375052
Alexandria_Real_Estate_Equities,-0.6520900174691439,-0.2917139159882927,0.05448244450002689,0.46564305916523596,-0.7334421332109762,2021-07-13,-0.6846308637658768
General_Electric,-0.6303278033408318,-0.12735691044842146,-0.05080455606387471,0.7534315177323775,-0.7770870697375671,2021-07-13,-0.6890315098995259
"Illumina,_Inc.",-0.6302250436728583,-0.5408417239099816,0.22591085751272877,0.6995926710074459,-0.7826830923825852,2021-07-13,-0.691208263156749
Mohawk_Industries,-0.6334334288617659,-0.9220577335150674,0.48031826569591773,0.7326623731482652,-0.8286721703827081,2021-07-13,-0.7115289254701429
Intercontinental_Exchange,-0.6104380987177873,-0.7399540828458568,0.36342178747431564,0.8382837901944167,-0.8673078243813299,2021-07-13,-0.7131859889832044
ServiceNow,-0.688158660927349,-0.518897059339799,0.1987236433396948,0.5088039948762868,-0.7534519143093016,2021-07-13,-0.71427596228013
The_Coca-Cola_Company,-0.6483792516812629,-0.5851136704284836,0.2516187021551068,0.7188543369430128,-0.8173720491183162,2021-07-13,-0.7159763706560842
EBay,-0.6730415719945647,-0.3532761346727172,0.09115680372396934,0.585713307243239,-0.7888033014798606,2021-07-13,-0.7193462637886832
The_J.M._Smucker_Company,-0.6341869997602277,-0.7151362429959828,0.3416891837223352,0.793428476722499,-0.8599072759672461,2021-07-13,-0.7244751102430351
IHS_Markit,-0.6621947181530667,-0.41696873139814994,0.13611904119440338,0.8232393369506683,-0.8693407389240377,2021-07-13,-0.7450531264614552
Lockheed_Martin,-0.6901339301005909,-0.36276394068737156,0.09381716356151032,0.7479948774562372,-0.8676623358990727,2021-07-13,-0.7611452924199836
Dow_Inc.,-0.6734411929255681,-0.3388464710112308,0.08141460912321684,0.8933205131837103,-0.8947250871765933,2021-07-13,-0.7619547506259782
Southern_Company,-0.7110854846260121,-0.3512017264681748,0.08155856221052797,0.5962611470276554,-0.838934866677491,2021-07-13,-0.7622252374466036
"Tesla,_Inc.",-0.6999417695214825,-0.046931311802544444,-0.11964637236166398,0.7882812976674005,-0.8565832172520895,2021-07-13,-0.7625983486137253
Hasbro,-0.7130950070219105,-0.12751490749403316,-0.06856048144812324,0.49230627997887094,-0.8444318782202711,2021-07-13,-0.7656297555012548
Apple_Inc.,-0.6949179635317355,-0.3402166408681427,0.07769667667561658,0.7539792443109055,-0.8737375726398758,2021-07-13,-0.7664458071749917
Waters_Corporation,-0.7287487297763272,-0.7544191349133358,0.3475692874342711,0.5990879635509101,-0.8331428655411257,2021-07-13,-0.7705063840822466
Bio-Rad_Laboratories,-0.7250037107657884,-0.6061627945132658,0.2491682140083395,0.7327650563949705,-0.920010411063495,2021-07-13,-0.803006390884871
W._W._Grainger,-0.7565280933514499,-0.008212804843961986,-0.1577674498453883,0.7625846449104822,-0.92055850206249,2021-07-13,-0.822140256835866
Baxter_International,-0.7411369786374071,-0.5043409090130855,0.17755001291676076,0.7682731875722014,-0.9510585635111912,2021-07-13,-0.8251056125869207
Lowe%27s,-0.764269321672015,-0.31371635303723283,0.044996942280356354,0.6404378413454406,-0.9201882033255881,2021-07-13,-0.8266368743334442
Ameren,-0.7441055912677119,-0.4412365260535436,0.1346815638603411,0.7882552227983239,-0.9572310235584652,2021-07-13,-0.8293557641840132
Pfizer,-0.7660619069910832,-0.08060504878984942,-0.1113819044603281,0.9161474342589738,-0.9512899200885513,2021-07-13,-0.8401531122300705
Occidental_Petroleum,-0.715526985830584,-0.6419706872288345,0.2751750539362027,0.9366894352284547,-1.0416790923479815,2021-07-13,-0.845987828437543
Johnson_%26_Johnson,-0.7863169793224712,-0.25594644618141954,0.0015808143596596498,0.6453186755356695,-0.9499031866206668,2021-07-13,-0.8517514622417495
Visa_Inc.,-0.7790552961191105,-0.5135574208105909,0.17553446434049969,0.7351079794078772,-0.9810409897006052,2021-07-13,-0.8598495735517084
CVS_Health,-0.7845243940034033,-0.10702995493351894,-0.09768336152842401,0.8778207432314618,-0.9761608701195988,2021-07-13,-0.8611789844498816
NRG_Energy,-0.7929278512953429,-0.13825256906068076,-0.07860351951950417,0.8893796813675094,-0.994490396634275,2021-07-13,-0.8735528694309157
The_Interpublic_Group_of_Companies,-0.7959078816665335,-0.09837722123739323,-0.10593016899394228,0.9443988960910765,-0.9947453897975775,2021-07-13,-0.8754428849189511
Discover_Financial,-0.7328591164952106,-0.7284909942989098,0.3293318071431127,0.9694300273078447,-1.109748353848809,2021-07-13,-0.88361481143665
DuPont,-0.8193370859641718,-0.8023548436248997,0.36009710775453274,0.6987229673240256,-1.0198637353940336,2021-07-13,-0.8995477457361165
Penn_National_Gaming,-0.8314627267848794,-0.08146846617578306,-0.12491801245348226,0.744563309504789,-1.0170391700344816,2021-07-13,-0.9056933040847203
Fortive,-0.810682438372744,-0.5174765092857159,0.1713316913235099,0.8105386182784737,-1.058785441877246,2021-07-13,-0.9099236397745448
Teledyne_Technologies,-0.8886085199182484,-0.29346978026615556,0.004615329011865846,0.7036127965200564,-1.0904822836935786,2021-07-13,-0.9693580254283805
Simon_Property_Group,-0.9104734937145345,-0.5372823898056168,0.16304976834025933,0.8496560459968726,-1.203928956280266,2021-07-13,-1.027855678740827
NextEra_Energy,-1.0020437756185563,-0.49365402589377305,0.11409339742018038,0.7962486525800265,-1.2810217311569982,2021-07-13,-1.113634957833933
Verisk_Analytics,-1.0215224415697108,-0.6852439568140279,0.23809676358138904,0.8021124103662879,-1.333068359877354,2021-07-13,-1.1461408088927683
Raytheon_Technologies,-1.1004989552767088,-0.19097084362943226,-0.10970149345680834,0.8182417850897382,-1.3664607727249571,2021-07-13,-1.206883682256008
Crown_Castle,-1.01873651279358,-0.8969669023161848,0.38037744869130014,0.9821116680239098,-1.5192807246982674,2021-07-13,-1.218954197555455
Fleetcor,-1.1556580614959526,-0.3845761841476975,0.007950481780796072,0.8345892589719197,-1.468670732261232,2021-07-13,-1.2808631298020643
Extra_Space_Storage,-1.1100784398798869,-1.8523758001863382,1.0,0.7931742618506453,-1.579335247862684,2021-07-13,-1.2977811630730058
Healthpeak_Properties,-1.1665505863009948,-0.594718915071557,0.14622183725210172,0.8128132464476041,-1.5037241611320022,2021-07-13,-1.301420016233398
General_Motors,-1.3149241291118146,-1.2097018828206707,0.5257324871109613,0.8631213082089867,-1.8333111136439046,2021-07-13,-1.5222789229246505
